fullname,age,address,occupation
John Peterson,20,Turku,Doctor
John Munoz,26,Oulu,Nurse
Samantha Kennedy,27,Turku,Researcher
Tiffany Munoz,21,Tampere,Programmer
Thea Peterson,55,Helsinki,Programmer
Evie Kennedy,32,Lapland,Programmer
Beth Wagner,37,Tampere,Programmer
Marie Reid,42,Helsinki,Programmer
John Reid,46,Oulu,Doctor
Adele Wagner,37,Oulu,Doctor
Lola Reid,32,Oulu,Analyst
Charlie Peterson,41,Tampere,Doctor
Tiffany Kennedy,37,Tampere,Doctor
Evie Wagner,51,Lapland,Analyst
Annie Reid,21,Tampere,Doctor
Aeysha Kennedy,35,Turku,Analyst
Jacqueline Peterson,26,Helsinki,Researcher
Amirah Wagner,46,Oulu,Programmer
Beth Peterson,34,Oulu,Analyst
Gabrielle Munoz,47,Helsinki,Doctor
Gabrielle Wagner,29,Lapland,Doctor
Marie Munoz,24,Oulu,Nurse
Beth Kennedy,44,Turku,Doctor
Gabrielle Reid,20,Turku,Nurse
Aimee Reid,47,Turku,Programmer
Thea Wagner,55,Tampere,Programmer
Aeysha Reid,50,Oulu,Analyst
Adele Peterson,42,Tampere,Programmer
Gabrielle Peterson,32,Helsinki,Doctor
Amirah Reid,36,Helsinki,Nurse
Aeysha Munoz,42,Oulu,Doctor
Annie Wagner,50,Oulu,Doctor
Samantha Peterson,48,Tampere,Doctor
Thea Kennedy,43,Tampere,Researcher
Lola Munoz,28,Tampere,Researcher
Kimberly Reid,44,Lapland,Doctor
Adele Kennedy,32,Oulu,Analyst
Kimberly Kennedy,41,Lapland,Programmer
Amirah Munoz,45,Lapland,Doctor
Aimee Munoz,24,Turku,Programmer
Samantha Reid,21,Oulu,Researcher
Taylor Munoz,53,Oulu,Researcher
John Wagner,51,Turku,Nurse
Aimee Peterson,55,Tampere,Doctor
Evie Peterson,46,Oulu,Doctor
Aimee Kennedy,29,Lapland,Researcher
Adele Reid,46,Lapland,Researcher
Taylor Peterson,55,Helsinki,Nurse
Gabrielle Kennedy,30,Lapland,Analyst
Lola Peterson,31,Helsinki,Doctor
Thea Reid,33,Oulu,Nurse
Amirah Kennedy,42,Oulu,Nurse
Taylor Wagner,53,Turku,Doctor
Lola Wagner,49,Oulu,Analyst
Jacqueline Munoz,42,Helsinki,Programmer
Amirah Peterson,22,Lapland,Nurse
Kimberly Peterson,28,Tampere,Nurse
Charlie Reid,45,Helsinki,Researcher
Beth Munoz,21,Lapland,Programmer
Mariam Kennedy,45,Tampere,Analyst
Marie Peterson,26,Tampere,Analyst
Tiffany Reid,25,Oulu,Analyst
Kimberly Wagner,20,Tampere,Programmer
Evie Reid,47,Lapland,Nurse
Adele Munoz,34,Helsinki,Researcher
Evie Munoz,52,Oulu,Researcher
Annie Peterson,22,Oulu,Programmer
Annie Kennedy,47,Lapland,Doctor
Thea Munoz,42,Helsinki,Analyst
Jacqueline Reid,45,Oulu,Programmer
Mariam Peterson,33,Tampere,Analyst
Aimee Wagner,50,Helsinki,Researcher
Kimberly Munoz,45,Oulu,Researcher
Tiffany Wagner,19,Lapland,Programmer
Marie Kennedy,50,Oulu,Researcher
Aeysha Peterson,21,Turku,Nurse
Taylor Reid,20,Tampere,Doctor
Jacqueline Wagner,40,Tampere,Researcher
Charlie Kennedy,54,Lapland,Doctor
Samantha Wagner,38,Lapland,Nurse
Charlie Munoz,42,Oulu,Doctor
Aeysha Wagner,23,Helsinki,Analyst
Marie Wagner,45,Tampere,Programmer
